corp_name,corp_code,stock_code,ceo_name,industry_code
미래에셋맵스 아시아퍼시픽 부동산공모 1호 투자회사,00600013,094800,미래에셋자산운용(주),642
맥쿼리한국인프라투융자회사,00435297,088980,맥쿼리자산운용(주),64201
(주)우진,00173944,105840,"이재상, 백승한 각자대표",27216
(주)대동,00109286,000490,"김준식, 원유현",29210
삼화콘덴서공업(주),00129350,001820,"오영주, 박진",26291
(주)유니온,00144252,000910,"이건영, 이우선",23311
(주)우진플라임,00303217,049800,김익환,292
(주)서연이화,01036446,200880,강용석,303
대한방직(주),00112970,001070,"설 범, 김 인호",132
(주)갤럭시아 에스엠,00129554,011420,이반석,911
(주)유수홀딩스,00163691,000700,송영규,715
대원전선(주),00260392,006340,서명환,28302
태림포장(주),00153524,011280,이복진,1721
극동유화(주),00105156,014530,"장홍선, 장선우 (각자대표)",19221
일진홀딩스(주),00146649,015860,허정석,64992
제일파마홀딩스(주),00148443,002620,한상철,715
조광피혁(주),00148939,004700,이연석,15110
미원스페셜티케미칼(주),01234297,268280,"김형웅, 배원",201
(주)화승코퍼레이션,00166272,013520,"허성룡,현지호",303
(주)원림,00143794,005820,신성엽,13225
에이자기관리부동산투자회사(주),00860730,140910,김종국 (단독 대표이사),68121
율촌화학(주),00145260,008730,"송녹정,신동윤",22231
(주)티에이치엔,00118965,019180,"이광연, 채승훈",289
한국철강(주),00687711,104700,"문종인, 이수하 (각자대표)",2411
주식회사 이지스밸류플러스위탁관리부동산투자회사,01394377,334890,도병운,681
동원금속(주),00118008,018500,"이은우, 박승룡",303
쿠쿠홀딩스(주),00132354,192400,구본학,649
(주)한국전자홀딩스,00159254,006200,박 명 덕,64992
(주)금비,00168401,008870,고기영,23192
SNT에너지(주),00648721,100840,김형섭,29176
신성통상(주),00136341,005390,대표이사 염태순,467
주식회사 화승알앤에이,01532603,378850,김형진,30399
(주)남선알미늄,00107224,008350,"박귀봉, 정순원(각자대표)",24222
(주)제이알글로벌위탁관리부동산투자회사,01415892,348950,오남수,681
대영포장(주),00111458,014160,"강병은,손용수",1721
(주)황금에스티,00218575,032560,김종현,24290
(주)세원정공,00134316,021820,장제상,303
(주)케이씨티시,00103042,009070,류주환,49301
만호제강(주),00120872,001080,김상환,24123
쿠쿠홈시스 주식회사,01267684,284740,구본학,762
(주)LS네트웍스,00104698,000680,문성준,46800
(주)방림,00122348,003610,서재희 대표집행임원,132
신대양제지(주),00135777,016590,"권혁홍, 이상천(각자 대표이사)",172
삼영전자공업(주),00127200,005680,"변동준, 김성수(각자 대표이사)",26291
(주)전방,00147222,000950,조덕현,13101
이구산업(주),00145464,025820,"안월환, 김영길(각자 대표이사)",24221
태경케미컬 주식회사,00109161,006890,박기환,20121
(주)경방,00101628,000050,"김준, 김담",47119
한국화장품(주),00823429,123690,이용준,46443
유성기업(주),00174004,002920,류현석(대표이사),303
(주)보락,00123107,002760,정기련,2049
(주)광주신세계,00220561,037710,이동훈,47111
(주)혜인,00165343,003010,원경희,465
한전KPS(주),00159218,051600,김홍연,42311
KG케미칼(주),00101220,001390,"곽정현, 김재익",201
(주)코리아써키트,00152686,007810,장세준,2622
한일홀딩스(주),00162993,003300,"허기호, 박지훈",23311
부산산업(주),00124027,011390,정영교,233
이화산업(주),00145686,000760,홍성우,46731
(주)제이에스코퍼레이션,00332927,194370,홍재성,15121
SNT모티브(주),00398792,064960,권형순,303
조광페인트(주),00148920,004910,양성아,20411
㈜미래에셋맵스제1호위탁관리부동산투자회사,01437292,357250,정상구,681
(주)신원,00136864,009270,박정주,14112
(주)신화다이나믹스,00137809,001770,신종호,24199
(주)SH에너지화학,00136457,002360,정케빈규봉,201
디아이동일(주),00118345,001530,"서태원, 손재선",46103
(주)모나미,00121288,005360,송하경,46452
일신방직(주),00146269,003200,김정수,13101
샘표(주),00130091,007540,박진선,64992
아세아제지(주),00138729,002310,"유승환, 이현탁",172
동일산업(주),00172936,004890,"오순택, 오승민",24113
(주)천일고속,00151395,000650,박도현,49220
(주)크라운해태홀딩스,00153126,005740,윤석빈,64992
주식회사 진에어,00653024,272450,박병률,511
(주)한솔홈데코,00203582,025750,김경록,161
(주)E1,00165583,017940,"구자용, 천정식 (각자 대표이사)",46713
(주)메리츠금융지주,00860332,138040,김용범,64992
SK텔레콤(주),00159023,017670,유영상,61220
주식회사 엘엑스홀딩스,01562589,383800,"구본준, 노진서",64992
(주)STX,00138297,011810,박상준,46800
(주)한국카본,00159795,017960,"조문수, 이명화 공동대표이사",2512
(주)LS,00105952,006260,명노현,64992
(주)한국화장품제조,00160621,003350,이용준,20423
대상홀딩스(주),00539274,084690,"임창욱, 최성수 각자대표이사",64992
(주)코람코더원위탁관리부동산투자회사,01180118,417310,서길석,68112
주식회사 카카오페이,01244601,377300,신원근,66199
하이트진로(주),00150244,000080,김인규,11122
(주)대구백화점,00108977,006370,구정모,47111
퍼스텍(주),00148522,010820,손경석,252
송원산업(주),00134963,004430,김충식 대표이사,20499
주식회사 카카오뱅크,01133217,323410,윤호영,64121
삼화페인트공업(주),00129387,000390,"류기붕,배맹달(각자대표)",20411
(주)조비,00148948,001550,이승연,20312
부산주공(주),00124151,005030,장세훈,30310
한국단자공업(주),00157070,025540,"이창원,이원준",2812
두산밥캣 주식회사,01032486,241560,"스캇성철박, 조덕제",29241
에스케이위탁관리부동산투자회사 주식회사,01535150,395400,에스케이리츠운용 주식회사,68112
(주)오리온홀딩스,00117577,001800,허인철,649
(주)노루홀딩스,00113508,000320,"한영재,김용기",64992
태양금속공업(주),00153755,004100,한우삼. 한하워드성(각자 대표이사),303
성신양회(주),00132804,004980,한인호,23311
이에스알켄달스퀘어위탁관리부동산투자회사주식회사,01437186,365550,조주현,681
(주)우진아이엔에스,00143262,010400,홍경모,422
(주)한농화성,00160861,011500,"김응상, 경상호 (각자대표)",20421
(주)덕성,00114093,004830,"이봉근, 김성진 (각자대표이사)",22214
(주)세진중공업,00415628,075580,최양환,31114
아세아시멘트(주),00990165,183190,"임경태, 김웅종",23311
(주)호텔신라,00165680,008770,이부진,47859
(주)풍산,00684714,103140,"류진, 박우동",242
삼성전기(주),00126371,009150,장덕현,2622
하이트진로홀딩스(주),00148993,000140,김인규,64992
(주)이노션,00565154,214320,이용우,71310
(주)LF,00593032,093050,"오규식, 김상균 (각자 대표이사)",14111
(주)SG세계물산,00133511,004060,이의범,46800
유니퀘스트(주),00414601,077500,앤드류김,4659
유엔젤(주),00416654,072130,유지원,631
(주)경동도시가스,01208885,267290,"송재호, 나윤호",35200
경인전자(주),00102140,009140,김성은,2629
(주)경동인베스트,00143527,012320,정승진,649
태원물산(주),00154055,001420,남기영,303
SK가스(주),00144164,018670,윤병석,46713
한국주강(주),00159564,025890,하만규,292
(주)디아이씨,00112165,092200,김정렬,303
효성티앤씨(주),01316227,298020,김치형,2050
(주)엘지헬로비전,00222532,037560,송구영,60222
대덕전자(주),01478712,353200,신영환,2622
(주)에이엔피,00143314,015260,전운관,2622
아세아(주),00138701,002030,"이훈범, 오기호",715
대원화성(주),00112022,024890,강동엽,22214
현대로템(주),00302926,064350,이용배,31201
금강공업(주),00105299,014280,"전장열, 전재범 (각자 대표이사)",2413
대신증권(주),00110893,003540,오익근,66121
효성화학(주),01316236,298000,이건종,201
DB손해보험(주),00159102,005830,"김정남, 정종표",65121
(주)벽산,00122898,007210,김 성 식,23999
한국콜마(주),00939331,161890,최현규,20423
롯데관광개발(주),00231372,032350,"김기병, 백현, 김한준",75210
삼화전기(주),00129271,009470,"오영주, 박종온",26291
현대코퍼레이션(주),00164812,011760,"정몽혁, 김원갑, 장안석(각자대표이사)",46800
(주)더존비즈온,00172291,012510,김용우,62022
(주)현대리바트,00300548,079430,윤기철,32029
(주)한섬,00188089,020000,김민덕,14112
금호석유화학(주),00106368,011780,백종훈,201
CS 홀딩스(주),00149026,000590,장원영,64992
부국철강(주),00123781,026940,남상규/손일호,2413
그린케미칼(주),00454946,083420,양준화,20421
한국가스공사(주),00261285,036460,최연혜,35200
(주)서흥,00131692,008490,양주환,2049
팬오션(주),00122737,028670,"김홍국, 안중호(각자 대표이사)",50112
(주)비비안,00107677,002070,손영섭,14120
DSR(주),00110608,155660,홍석빈,242
디와이파워(주),01059605,210540,박치웅,29241
(주) DB Inc.,00163345,012030,"문덕식,강운식 (각자 대표이사)",62021
(주)퍼시스,00161709,016800,"배상돈,박광호",32029
(주)바이오노트,00622787,377740,조병기,213
신송홀딩스(주),00136402,006880,조갑주,46201
성창기업지주(주),00133335,000180,우인석,71531
유니온머티리얼(주),00369833,047400,"김진영, 이우선",23222
유진투자증권(주),00131054,001200,"유창수, 고경모(각자 대표)",66121
인터지스(주),00151368,129260,박동호,49301
한국지역난방공사,00159698,071320,정용기,35300
삼천리(주),00128555,004690,"이찬의, 유재권",35200
대창단조(주),00112679,015230,박권일,303
한국내화(주),00160205,010040,변성희,2321
삼화전자공업(주),00129280,011230,"오영주, 이건화",265
(주)SNT홀딩스,00225159,036530,김도환,64992
대한유화(주),00260383,006650,강길순,20111
금호전기(주),00106395,001210,이홍민,28410
(주)윌비스,00104999,008600,"임찬혁(대표집행임원), 송주호(대표집행임원)",46413
(주)무학,00121543,033920,"최재호, 최낙준 (각자 대표이사)",11122
(주)유한양행,00145109,000100,대표이사 조욱제,212
성문전자(주),00132628,014910,신준섭,26291
(주)한미글로벌건축사사무소,00413523,053690,"윤요현, 박서영",72111
(주)우신시스템,00142883,017370,허우영,292
(주)JB금융지주,00980122,175330,김기홍,64992
(주)디아이,00118275,003160,박원호 조윤형,27212
(주)동방아그로,00115384,007590,"염병만, 염병진",2032
한국자산신탁(주),00404701,123890,김규철,642
(주)GS,00500254,078930,"허태수, 홍순기 (각자 대표이사)",64992
교보증권(주),00113359,030610,"박봉권, 이석기 (각자대표)",66121
제일연마공업(주),00148461,001560,"오유인, 오현수, 추헌주 (각자 대표)",23992
주식회사 엔에이치프라임위탁관리부동산투자회사,01391033,338100,소선호,681
디씨엠(주),00177199,024090,"정연택, 정동우(각자 대표)",2419
한세예스24홀딩스(주),00161976,016450,"김동녕, 김석환(각자 대표이사)",1419
(주)화신,00166315,010690,"정서진, 장의호",30391
동양철관(주),00117629,008970,이곽우,2413
(주)하이스틸,00435312,071090,엄정근,2413
(주)제주항공,00555874,089590,김이배,511
(주)LG,00120021,003550,"구광모, 권봉석",64992
한국투자금융지주(주),00432102,071050,김남구,64992
(주)대한항공,00113526,003490,"조원태, 우기홍",511
(주)동남합성,00115065,023450,"김정돈, 박미령 (각자대표)",201
코웨이(주),00170558,021240,서장원,969
(주)하나투어,00269940,039130,송미선,75210
코스모신소재(주),00129989,005070,홍동환,204
(주)LG화학,00356361,051910,신학철,20111
주식회사 미래에셋글로벌위탁관리부동산투자회사,01576102,396690,신현준,6811
기아(주),00106641,000270,"송호성,최준영(각자 대표이사)",30121
코오롱글로벌(주),00152880,003070,김정일,41221
(주)SIMPAC,00138260,009160,최진식,24113
롯데지주(주),00120562,004990,"신동빈,이동우",64992
현대엘리베이터(주),00164724,017800,조재천,29162
(주)와이지플러스,00249247,037270,최성준,631
두산에너빌리티(주),00159616,034020,"박지원, 정연인, 박상현",29119
(주)에넥스,00139764,011090,박진규,32021
(주)한솔케미칼,00140955,014680,박원환,20129
(주)금호에이치티,00105606,214330,"김진곤, 김두인(각자대표)",303
세기상사(주),00133618,002420,조영준,477
세방(주),00133812,004360,최종일,49301
부국증권(주),00123772,001270,박현철,66121
한국수출포장공업(주),00158112,002200,대표이사 회장 허용삼 대표이사 사장 허정훈(각자대표이사),1721
한일철강(주),00163196,002220,엄정헌,2419
(주)녹십자홀딩스,00108135,005250,"허일섭, 허용준",715
(주)사조대림,00109718,003960,김상훈,10211
강남제비스코(주),00100939,000860,"황익준,김재현(각자대표이사)",20411
(주)삼성출판사,00423690,068290,김진용,5811
(주)SG글로벌,00152039,001380,이의범,303
KPX홀딩스(주),00587466,092230,양준영,201
영화금속(주),00141413,012280,최동윤(단독 대표이사),303
(주)동방,00115287,004140,"김형곤, 박창기",529
주식회사 화승엔터프라이즈,01128613,241590,이계영,15219
조선선재(주),00796994,120030,장원영,2599
다스코(주),00353878,058730,"한상원, 한남철",25112
주식회사 크래프톤,00760971,259960,김창한,5821
(주)BYC,00122579,001460,김 대 환,14120
(주)에스제이엠,00815369,123700,김휘중 (단독 대표이사),303
지엠비코리아(주),00156354,013870,"정세영, 송병영",303
미래산업(주),00197759,025560,이창재,27219
(주)에이블씨엔씨,00400857,078520,신유정,20423
한전산업개발(주),00194947,130660,함흥규,72129
주식회사 디에스단석,00108612,017860,한승욱,204
SNT다이내믹스(주),00134477,003570,박재석,303
S-Oil(주),00138279,010950,Anwar A. Al-Hejazi (안와르 에이 알-히즈아지),19210
한국무브넥스(주),00160418,010100,이현덕,303
(주)이수화학                             ,00145552,005950,"김동민, 주봉진",20111
(주)디엔오토모티브,00116949,007340,김상헌 김인환,28202
(주)주연테크,00269241,044380,김희라,26310
넥스틸(주),00220613,092790,홍성만,2419
(주)다우기술,00176914,023590,김윤덕,631
(주)LX인터내셔널,00120076,001120,윤춘성,4610
(주)케이에스에스 해운,00160232,044450,박찬도,50112
LG전자(주),00401731,066570,조주완,264
SK디앤디(주),00508344,210980,김도현,68122
미래에셋증권(주),00111722,006800,"김미섭, 허선호",66121
(주)에스엠벡셀,00147860,010580,"유병선, 최세환(각자대표)",303
삼정펄프(주),00128227,009770,전성오,171
케이에이치필룩스(주),00193009,033180,배보성,2629
주식회사 아센디오,00145437,012170,한승일,591
(주)강원랜드,00255619,035250,최철규,91249
(주)NICE홀딩스,00158316,034310,조대민,715
(주)아모레퍼시픽,00583424,090430,"서경배, 김승환",20423
롯데에너지머티리얼즈(주),00113997,020150,김연섭,2629
STX엔진(주),00480455,077970,이상수,29111
미원홀딩스(주),00706715,107590,"김정돈, 손응주",649
금호건설(주),00106313,002990,조완석,41112
대성산업(주),00828789,128820,"김영대,이은우(공동대표)",477
(주)체시스,00125576,033250,"이명곤, 김성광(각자대표이사)",303
현대제철(주),00145880,004020,서강현,2411
(주)까뮤이앤씨,00129420,013700,"손병재, 이은규 (각자 대표이사)",41121
미원화학(주),00855163,134380,"김정만, 김태호 (각자대표)",20421
롯데위탁관리부동산투자회사 주식회사,01363818,330590,롯데에이엠씨 주식회사,681
동부건설(주),00115612,005960,윤진오,412
한화손해보험(주),00135917,000370,나채범,65121
(주)삼원강재,00191588,023000,"장범석, 박민희(각자대표)",303
주식회사 삼양패키징,01060814,272550,김재홍,22232
에스케이오션플랜트(주),00480367,100090,이승철,2413
(주)삼영,00127255,003720,"이석준, 조영한",2221
KG스틸(주),00115676,016380,박성희,24122
(주)도화엔지니어링,00114552,002150,"박승우,곽준상,손영일,김덕구",72121
(주)NI스틸,00116301,008260,이창환,2419
디와이(주),00117179,013570,김진호,64992
문배철강(주),00121570,008420,이창환,2419
(주)WISCOM,00142865,024070,"구조웅, 구영일",22299
(주)SBS,00130772,034120,방문신,60210
(주)세아특수강,00133991,019440,이강현,24122
(주)웅진,00143651,016880,"윤새봄, 이수영 각자대표",715
에이치엘만도(주),01042775,204320,"조성현, 김현욱 (각자대표)",303
(주)우리금융지주,01350869,316140,임종룡,64992
(주)한진,00163512,002320,노삼석,49309
(주)인팩,00180795,023810,"최웅선,최장돈",303
(주)진양홀딩스,00646732,100250,"양준영, 최창호(각자대표이사)",222
(주)엠씨넥스,00564562,097520,민동욱,26519
(주)케이비스타위탁관리부동산투자회사,01622720,432320,신명재,68112
(주)엘앤에프,00398701,066970,최수안,28202
한국투자ANKOR유전해외자원개발특별자산투자회사1호(지분증권),00907013,152550,한국투자리얼에셋운용,642
(주)경인양행,00102113,012610,"김흥준,조성용 (각자대표이사)",20132
이연제약(주),00145598,102460,"정순옥, 유용환 (각자 대표이사)",212
(주)티비에이치글로벌,00409672,084870,우종완,141
써니전자(주),00138057,004770,차상권,262
디엘 주식회사,00109693,000210,김종현,20111
한화위탁관리부동산투자회사(주),01669226,451800,한화자산운용,68112
케이씨그린홀딩스(주),00159971,009440,이태영,64992
(주)동인기연,00367710,111380,정인수,151
(주)미래아이앤지,00104786,007120,김학수,620
(주)경농,00101433,002100,"이병만,이용진",2032
대림통상(주),00109824,006570,"고은희, 손병국",25993
삼성공조(주),00126201,006660,고호곤,30399
(주)유니드,00159786,014830,"정의승, 이우일",20129
(주)유니드비티플러스,01702017,446070,한상준,16102
네이버(주),00266961,035420,최수연,63120
주식회사 이수스페셜티케미컬,01762569,457190,류승호,20111
범양건영(주),00122694,002410,강병주,411
(주)이리츠코크렙기업구조조정부동산투자회사,00544452,088260,김영규,68112
(주)하나금융지주,00547583,086790,함영주,64992
삼성물산(주),00149655,028260,"오세철, 정해린, 이재언",467
(주)BNK금융지주,00858364,138930,빈대인,64992
(주)한샘,00161693,009240,김유진(대표집행임원),46431
(주)현대지에프홀딩스,00105280,005440,"정지선, 장호진 (각자 대표이사)",64992
(주)아이에이치큐,00154426,003560,오준,591
사조씨푸드(주),00124780,014710,김치곤,102
삼성화재해상보험(주),00139214,000810,이문화,65121
화천기계(주),00166500,010660,"권형석, 권형운 (공동대표이사)",29223
대성에너지(주),00787376,117580,대표이사 김영훈 대표이사 박문희,35200
티케이지휴켐스(주),00426086,069260,김우찬,2049
미원상사(주),00121932,002840,"홍창식, 강신우(각자대표)",204
에이치엘홀딩스(주),00299002,060980,"김광헌, 김준범",64992
(주)LG생활건강,00356370,051900,이정애,20422
에스케이바이오팜 주식회사,00878696,326030,이동훈,7011
에스케이케미칼(주),01267170,285130,"김철, 안재현",20202
(주)에스제이엠홀딩스,00181943,025530,"김용호, 김휘중(각자대표이사)",452
(주)후성,00595191,093370,김용민,20129
주식회사 신성이엔지,00136271,011930,이지선,2612
조일알미늄(주),00149239,018470,"이영호,성원모",24222
가온전선(주),00104768,000500,정 현,28302
(주)디알비동일,00118266,004840,류영식,221
(주)신한금융지주회사,00382199,055550,진옥동,64992
흥아해운(주),00167208,003280,이환구,50112
롯데렌탈(주),00545716,089860,최진환,76110
피아이첨단소재(주),00767460,178920,송금수,2221
일진하이솔루스(주),00972503,271940,양성모,319
에이치디현대건설기계(주),01205842,267270,최철곤,291
광전자(주),00152729,017900,최재완,2612
현대글로비스(주),00360595,086280,이규복,5299
주식회사 현대퓨처넷,00403632,126560,김성일,61299
한성기업(주),00161860,003680,"임우근,임준호(각자대표)",10211
(주)이아이디,00480950,093230,신정희,467
(주)현대백화점,00428251,069960,"정지선, 정지영 (각자대표)",47111
신라교역(주),00135962,004970,김호운,03111
(주)비에이치,00447609,090460,최영식,2622
(주)금양,00106119,001570,류광지,201
대성홀딩스(주),00108940,016710,대표이사 김영훈 대표이사 김정주,715
에이치디현대(주),01205709,267250,"권오갑, 정기선",64992
(주)영원무역홀딩스,00140964,009970,성래은,64992
에이치디현대에너지솔루션(주),01199550,322000,박종환,2612
(주)더블유게임즈,01010110,192080,김가람,5821
주식회사 현대그린푸드,01721809,453340,박홍진,471
(주)세아베스틸지주,00106669,001430,"이태성, 김수호",2411
주식회사 DB하이텍,00160843,000990,조기석,2611
(주)코람코라이프인프라위탁관리부동산투자회사,01430475,357120,이성균,6811
케이카 주식회사,01323032,381970,정인국,45120
명신산업(주),00173078,009900,최우철,303
(주)농심홀딩스,00459871,072710,박준,64992
평화산업(주),00573579,090080,"황순용, 김주영",303
(주)케이탑자기관리부동산투자회사,00861076,145270,"이명식, 조현만(각자대표이사)",68112
(주)케이티,00190321,030200,김영섭,612
(주)영원무역,00776820,111770,성기학,46800
(주)이수페타시스,00107613,007660,최창복,2622
대한제강(주),00113225,084010,이경백,2411
동일제강(주),00118451,002690,"민세홍, 양영석, 김우진 (각자대표)",24122
애경산업(주),00139454,018250,"채동석, 김상준",20422
주식회사 디앤디플랫폼위탁관리부동산투자회사,01475609,377190,이양원,681
영보화학(주),00140779,014440,김태훈,2225
(주)이스타코,00134565,015020,"김승제,김동현(각자대표)",68121
(주)신영와코루,00136624,005800,"이의평, 이성원",14120
하나제약(주),00248974,293480,최태홍,212
에이치디현대인프라코어(주),00344287,042670,"조영철, 오승현",29241
한화투자증권(주),00148610,003530,한두희,66121
에이치디현대미포 주식회사,00164609,010620,김형관,3111
주식회사 마스턴프리미어제1호위탁관리부동산투자회사,01442966,357430,정범식,681
주식회사 티와이엠,00117230,002900,"김희용, 김도훈",29210
(주)메타랩스,00442835,090370,하지성,141
에이치엘디앤아이한라(주),00161116,014790,홍석화,41221
(주)쏘카,01026157,403550,박재욱,76110
케이비아이동국실업(주),00114765,001620,김용희,303
(주)에이피알,01190568,278470,김병훈,20423
웰바이오텍(주),00141273,010600,김한국,461
태경산업(주),00153339,015890,"김해련, 박충기, 김민정 (각자 대표이사)",20129
(주)알루코,00117027,001780,박진우,24222
(주)한창,00163716,005110,이동우,465
SK이터닉스(주),01817081,475150,김해중,411
동국제강(주),01765265,460860,최삼영,241
엔에이치투자증권(주),00120182,005940,윤병운,66121
진흥기업(주),00150828,002780,김태균,41221
에스케이하이닉스(주),00164779,000660,곽노정,2612
한솔홀딩스(주),00171636,004150,이명길,64992
SK(주),00181712,034730,"최태원, 장용호",64992
JW홀딩스(주),00632304,096760,"이경하, 차성남",64992
효성아이티엑스(주),00414850,094280,"남경환, 홍혜진(각자대표이사)",759
(주)신한알파위탁관리부동산투자회사,01276594,293940,이준구,6811
삼성이앤에이(주),00126308,028050,남궁홍,72129
(주)서연,00163114,007860,유양석,64992
주식회사 시알홀딩스,00148984,000480,강문수,2321
(주)인바이오젠,00652423,101140,강지연,46510
삼영무역(주),00127167,002810,이승용,46739
(주)보령,00123143,003850,김정균,212
(주)경보제약,00101664,214390,김태영,211
(주)한진칼,00983040,180640,"조원태, 류경표",64992
프레스티지바이오파마,01510489,950210,박소연,70113
디엘이앤씨 주식회사,01524093,375500,박상신,412
에스케이스퀘어 주식회사,01596425,402340,한명진,64992
(주)케이씨,00209780,029460,"고상걸, 권홍빈(각자대표이사)",27216
(주)대유에이텍,00149804,002880,임근호,303
아진전자부품(주),00111689,009320,"서중호,문종은",303
케이씨코트렐(주),00797364,119650,박기서,291
삼화왕관(주),00129235,004450,고기영,25991
(주)상상인증권,00112059,001290,주 원,66121
에스제이지세종(주),00134510,033530,"최정연, 이동원 (각자 대표이사)",303
(주)하이브,01204056,352820,이재상,592
(주)한화,00160588,000880,"김동관, 김승모, 양기원",20494
롯데손해보험(주),00113562,000400,이은호,65121
호전실업 주식회사,00226316,111110,박용철 박진호,14199
진양폴리우레탄(주),00160375,010640,최재호,22259
현대모비스(주),00164788,012330,"정의선, 이규석",303
(주)성안머티리얼스,00132868,011300,임종찬,13213
(주)두올,00119672,016740,"조인회, 정재열",303
(주)포스코인터내셔널,00124504,047050,대표이사 사장 이계인,461
삼일제약(주),00128032,000520,허승범,212
파미셀(주),00145163,005690,김현수,211
(주)형지엘리트,00441243,093240,최준호,14112
현대자동차(주),00164742,005380,"정의선, 이동석, 무뇨스 바르셀로 호세 안토니오(각자 대표이사)",30121
제이더블유생명과학(주),00225706,234080,노정열,212
그랜드코리아레저(주),00557508,114090,윤두현,91249
(주)쌍방울,00681142,102280,정운호,14120
(주)신흥,00173795,004080,이용익,4659
CJ씨푸드(주),00129013,011150,임항순,108
(주)신도리코,00135795,029530,서동규,263
한온시스템(주),00161125,018880,대표이사 이수일,29172
아시아나항공(주),00138792,020560,송보영,511
에어부산 주식회사,00651901,298690,정병섭,511
명문제약(주),00121039,017180,배철한,212
한국전력공사(주),00159193,015760,김동철,35120
(주)케이씨씨,00105271,002380,"정몽진, 정재훈",20411
(주)시프트업,01384787,462870,김형태,58212
(주)한국특강,00124090,007280,박성우,24121
(주)세아제강지주,00124197,003030,"이주성, 조영빈",64992
자이에스앤디(주),00367844,317400,구본삼,681
에이치디현대마린솔루션(주),01194689,443060,이기동,7212
에이치디현대일렉트릭(주),01205851,267260,김영기,281
제일약품(주),01236897,271980,"성석제, 한상철 (공동대표)",212
한화오션(주),00111704,042660,김희철,3111
(주)팜스코,00260408,036580,김남욱,105
모나용평(주),00365989,070960,임학운,55103
(주)엘지씨엔에스,00139834,064400,현신균,62021
(주)휴비스,00362238,079980,김석현,20501
현대오토에버(주),00362441,307950,김윤구,582
(주)세이브존아이앤씨,00422895,067830,이상준,47111
에이치디현대중공업(주),01390344,329180,"이상균, 노진율 (각자 대표이사)",31113
계룡건설산업(주),00102432,013580,"오태식, 윤길호",412
㈜엔에이치올원위탁관리부동산투자회사,01480780,400760,소선호,6812
SGC에너지(주),00125150,005090,"이우성, 박준영, 이복영",351
티피(주),00154329,007980,임석원,141
나이스평가정보 주식회사,00158325,030190,김종윤,63991
씨에스윈드(주),00670340,112610,방성훈,2511
(주)케이티아이에스,00372873,058860,이선주,63991
삼성바이오로직스(주),00877059,207940,임존종보 (Rim John Chongbo),211
에스케이바이오사이언스(주),01319899,302440,안재용,211
계양전기(주),00102618,012200,임영환,291
이건산업(주),00145446,008250,백오현,16211
콜마홀딩스(주),00203290,024720,윤상현,64992
(주)주성코퍼레이션,00753643,109070,허용호,264
엘에스일렉트릭 주식회사,00105855,010120,"구자균, 채대석",28121
(주)휴니드테크놀러지스,00111421,005870,김유진,2642
대한전선(주),00113207,001440,송종민,28302
(주)다이나믹디자인,00453488,145210,황 응 연,292
KR모터스(주),00112378,000040,노성석,319
(주)이엔플러스,00469799,074610,최용인,29193
(주)남성,00172185,004270,윤성호,467
롯데칠성음료(주),00120571,005300,박윤기,11209
삼성전자(주),00126380,005930,전영현,264
한화에어로스페이스(주),00126566,012450,"김동관, 손재일, Michael Coulter",31321
삼호개발(주),00128980,010960,"심재범, 이영열",421
롯데케미칼(주),00165413,011170,"신동빈, 이영준, 황민재",20111
(주)LG유플러스,00231363,032640,홍범식,61220
(주)신세계푸드,00274933,031440,강승협,56130
씨제이씨지브이(주),00303873,079160,정종민,59141
한미반도체(주),00161383,042700,곽동신,29271
전진건설로봇(주),00372129,079900,고현국,292
스틱인베스트먼트(주),00117498,026890,"곽동걸, 강신우",64201
국도화학(주),00104388,007690,"이시창, 황문성",20111
일진디스플레이(주),00198697,020760,이우종,261
대원제약(주),00111999,003220,"백승열, BAEK JONATHAN IN",212
조선내화 주식회사,01770203,462520,최광철,2321
금호타이어(주),00481454,073240,정일택,221
주식회사 에코프로머티리얼즈,01311408,450080,김병훈,28202
씨제이대한통운(주),00113410,000120,"신영수, 민영학 (각자 대표)",493
SK증권(주),00131850,001510,"전우종, 정준호",66121
(주)대우건설,00124540,047040,김보현,41112
(주)현대홈쇼핑,00412597,057050,"정교선, 한광영(각자 대표이사)",47919
(주)메타케어,00791209,118000,이수진,4659
참엔지니어링(주),00153621,009310,이경희,29271
엘아이지넥스원(주),00503668,079550,신익현,25200
효성중공업(주),01316245,298040,우태희,281
(주)대웅,00111810,003090,윤재춘,212
한국전력기술(주),00159209,052690,김태균,72129
(주)국보,00104519,001140,"박찬하, 김룡영(각자 대표)",49301
평화홀딩스(주),00155124,010770,"황순용, 김주영",303
(주)케이티앤지,00244455,033780,방경만,12000
(주)카카오,00258801,035720,정신아,63120
(주)엔씨소프트,00261443,036570,"김택진, 박병무 (공동대표이사)",582
(주)케이티스카이라이프,00349097,053210,최영범,60229
한세엠케이(주),00357360,069640,"김지원, 임동환(각자 대표이사)",4741
(주)종근당바이오,00390055,063160,박완갑,212
(주)대웅제약,00427483,069620,"이창재, 박성수",212
SK네트웍스(주),00131780,001740,이호정,467
(주)에이치에스효성,01854763,487570,"조현상, 안성훈",64999
포스코홀딩스(주),00155319,005490,"대표이사 회장  장인화, 대표이사 사장  이주태",2411
롯데정밀화학(주),00157681,004000,정승원,20119
(주)신세계인터내셔날,00234412,031430,"윌리엄 김, 김홍극 (각자대표)",4741
동일고무벨트(주),00939687,163560,TANIYAMA KEN,2219
(주)농심,00108241,004370,이병학,108
교촌에프앤비(주),00453284,339770,송종화,46313
(주)동양고속,00540641,084670,최성원,49220
주식회사 에이플러스에셋어드바이저,00684802,244920,"곽근호, 황승목(각자대표)",66202
(주)이마트,00872984,139480,한채양,471
코리안리재보험(주),00113191,003690,원종규,65200
주식회사 에프앤에프홀딩스,00126487,007700,박의헌,64992
(주)신세계아이앤씨,00219486,035510,양윤지,62021
주식회사 에프앤에프,01568413,383220,김창수,14111
케이비발해인프라투융자회사,01880801,415640,법인이사 케이비자산운용(주),642
(주)INVENI,00105101,015360,"구본혁, 이창우",715
동국씨엠 주식회사,01765256,460850,박상훈,24122
주식회사 엠앤씨솔루션,01519790,484870,김병근,292
에스비성보(주),00132725,003080,윤정선,2032
(주)유니켐,00137207,011330,김진환,15110
(주)선앤엘,00132211,002820,이윤규,16211
미창석유공업(주),00122056,003650,유재순,19221
(주)에이프로젠,00152385,007460,김재섭,259
한화엔진(주),00361008,082740,유문기,29111
다올투자증권(주),00156859,030210,"이병철, 황준호 (각자 대표이사)",66121
(주)플레이그램,00103130,009810,"김재욱, 선영",467
무림피앤피(주),00119007,009580,이도균,171
한국제지(주),00133706,027970,안재호,171
페이퍼코리아(주),00134723,001020,권육상,171
무림페이퍼(주),00136086,009200,이도균,171
(주)STX 그린 로지스,01784394,465770,유재호,501
엔피씨(주),00108038,004250,"나창엽,양창영,심일식(각자 대표이사)",22232
대한해운(주),00113535,005880,한수한,50112
(주)두산,00117212,000150,"박정원, 김민철, 유승우",64992
(주)동양,00117337,001520,박주형,23322
(주)삼익악기,00127857,002450,"김종섭, 김민수",33201
고려산업(주),00102751,002140,"전장열, 김영교(각자 대표이사)",105
현대건설(주),00164478,000720,이한우,41221
대림바스 주식회사,00109754,005750,강태식,23222
(주)오뚜기,00141529,007310,"함영준, 황성만",108
(주)온타이드,00168331,005320,우혁주,46413
(주)아이엠금융지주,00878915,139130,황병우,64992
(주)테이팩스,00256955,055490,허지행,2229
삼진제약(주),00128412,005500,"최지현, 조규석",212
(주)동서,00144395,026960,윤세철,4632
(주)풍산홀딩스,00155531,005810,박우동,64992
현대해상화재보험(주),00164973,001450,이석현,65121
(주)이월드,00540605,084680,"방병순, 민혜정",331
(주)노루페인트,00583442,090350,이수민,20411
(주)지에스피앤엘,01882845,499790,김원식,64992
(주)수산인더스트리,00193328,126720,"한봉섭,정보윤(각자대표)",422
(주)KB금융지주,00688996,105560,양종희,64992
(주)모토닉,00151128,009680,"김희진, 신현돈(각자 대표이사)",303
(주)풀무원,00155355,017810,이우봉,108
한일현대시멘트(주),00164672,006390,"전근식, 오해근",23311
진양화학(주),00347734,051630,임경섭,22214
진양산업(주),00150439,003780,최원석,2225
서울보증보험(주),00112998,031210,이명순,65122
(주)화인베스틸,00661847,133820,장재훈,24121
넷마블(주),00904672,251270,김병규,5821
두산로보틱스 주식회사,01105153,454910,"박인원, 김민표, 조길성",2928
(주)엑시큐어하이트론,00156150,019490,유앤디,265
(주)덴티움,00526599,145720,"서승우, 윤병호",27191
한일시멘트(주),01319808,300720,"전근식, 오해근",23311
AK홀딩스(주),00125080,006840,"고준, 채형석 (각자 대표이사)",64992
아주스틸(주),00486705,139990,이현식,2419
피케이씨(주),00122472,001340,윤해구,20131
신일전자(주),00173698,002700,정윤석,46521
인지컨트롤스(주),00103510,023800,"정구용, 정혜승 각자 대표이사",30310
동국홀딩스(주),00114792,001230,장세욱,649
에이치디현대마린엔진(주),00406046,071970,강영,29119
삼성에스디에스(주),00126186,018260,이준희,62021
삼성SDI(주),00126362,006400,최주선,28202
남해화학(주),00107987,025860,김창수,20312
(주)삼일씨엔에스,00109806,004440,윤성용,23325
삼성에프엔위탁관리부동산투자회사 주식회사,01688896,448730,이명규,6811
인천도시가스(주),00145862,034590,정진혁,35200
일진전기(주),00683469,103590,"황수, 유상석(각자 대표이사)",2830
KISCO홀딩스(주),00159740,001940,"장세홍, 이병제 (각자대표)",241
미래에셋생명보험(주),00112332,085620,"김재식, 황문규",65110
(주)종근당홀딩스,00149354,001630,최희남,212
(주)코오롱,00152862,002020,"안병덕, 이규호",64992
(주)태영건설,00153861,009410,"최금락, 최진국 (각자대표)",41221
(주)한익스프레스,00129509,014130,유인철,49301
(주)SPC삼립,00125530,005610,"황종현, 김범수(각자 대표이사)",108
(주)MH에탄올,00121534,023150,"최동호, 김일환",11121
삼성카드(주),00126292,029780,김이태,64913
세방전지(주),00133858,004490,대표이사 박정희,28202
사조동아원(주),00137252,008040,이창주,105
(주)지에스리테일,00140177,007070,허서홍,47122
(주)지누스,00150633,013890,정백재,320
롯데하이마트(주),00158307,071840,남창희,47320
(주)에이치에스애드,00140168,035000,박애리,71310
엘에스에코에너지 주식회사,01093007,229640,이상호,64992
에이치디씨랩스(주),00350312,039570,김성은,423
포스코스틸리온(주),00155258,058430,대표이사 사장 천시열,2419
(주)포스코퓨처엠,00155276,003670,엄기천,282
(주)마니커,00204208,027740,"안정원,엄영철(각자 대표이사)",1012
(주)세아홀딩스,00377610,058650,"이태성, 김수호",241
해성디에스(주),01032413,195870,최영식,262
에이치에스효성첨단소재(주),01316254,298050,"임진달, 성낙양(각자 대표이사)",205
주식회사 이지스레지던스위탁관리부동산투자회사,01436628,350520,이승환,681
남양유업(주),00107598,003920,김승언(대표집행임원),104
동성제약(주),00116268,002210,나원균,212
영풍제지(주),00141404,006740,이옥순,172
(주)드림텍,00415646,192650,"김형민, 박찬홍(각자대표)",2629
대한제당(주),00113234,001790,강승우,105
대한제분(주),00113243,001130,"이건영, 송인석",105
대상(주),00121941,001680,임정배,108
삼양식품(주),00126955,003230,"김정수, 김동찬",108
서울식품공업(주),00130879,004410,서성훈,108
(주)우성,00142661,006980,한재규,105
한국공항(주),00156691,005430,이수근,52939
한국쉘석유(주),00158149,002960,이승봉,19221
(주)씨아이테크,00127158,004920,김대영,26529
(주)와이투솔루션,00144720,011690,강석환,2611
중소기업은행,00149646,024110,김성태,64121
(주)신한글로벌액티브위탁관리부동산투자회사,01714997,481850,조준우,64201
삼익THK(주),00127802,004380,진영환,29141
SKC(주),00139889,011790,박원철,204
(주)조흥,00149345,002600,함영제,108
해태제과식품주식회사,00428321,101530,"신정훈, 이상진(각자대표)",108
(주)대교,00108913,019680,강호준,851
동아쏘시오홀딩스(주),00116824,000640,김민영,64992
동아에스티(주),00956930,170900,정재훈,212
CJ제일제당(주),00635134,097950,"손경식,강신호(각자 대표이사)",108
(주)선진,00855093,136490,이범권,109
(주)삼양사,00896285,145990,"최낙현, 강호성",108
샘표식품(주),01167056,248170,박진선,108
(주)크라운제과,01205329,264900,윤석빈,106
(주)오리온,01238169,271560,이승준,108
롯데웰푸드(주),01258507,280360,"신동빈, 이영구, 이창엽",108
(주)경동나비엔,00101488,009450,"손연호, 손흥락, 장희철",28520
남광토건(주),00107066,001260,"김종수, 이동철(각자대표)",41221
(주)대창,00112651,012800,"조시영, 김옥열",24221
동원산업(주),00118026,006040,"김세훈, 박상진, 장인성",64992
보해양조(주),00123541,000890,조영석,11122
에스엘(주),00125521,005850,"이성엽,정문호",303
에스케이디스커버리(주),00131832,006120,"최창원, 손현호",64992
동원시스템즈(주),00132637,014820,"조점근,서범원,정용욱",222
유화증권(주),00145190,003460,서태영,66121
한솔피엔에스(주),00103626,010420,"홍성민, 김형준(각자대표)",467
국제약품(주),00104722,002720,"남영우, 남태훈",212
일성건설(주),00146232,013360,백종탁,41221
오씨아이홀딩스 주식회사,00148896,010060,"이우현, 김택중, 이수미(3인, 각자 대표이사)",64992
(주)휴스틸,00156488,005010,"박훈, 윤형원(각자 대표이사)",2413
한국앤컴퍼니(주),00160047,000240,"조현범, 박종호(각자 대표이사)",64992
코스모화학(주),00160302,005420,김두영,2049
한미사이언스(주),00161426,008930,김재교,64992
(주)한창제지,00163761,009460,"KIM JOONYOUNG, 이상무 각자대표",171
에이치디씨(주),00164636,012630,"정몽규, 김회언 (각자 대표이사)",649
에이치엠엠(주) ,00164645,011200,최원혁,50112
기신정기(주),00106614,092440,윤현도,29293
(주)진도,00557933,088790,임병남,467
(주)백산,00122551,035150,"김한준, 전제형(각자 대표이사)",22214
한솔로지스틱스(주),00140946,009180,고정한,5299
(주)영흥,00141477,012160,강근욱,24123
주식회사 한컴라이프케어,00534598,372910,김선영,27199
한솔제지(주),01060744,213500,한경록,171
부광약품(주),00123718,003000,이제영,212
삼성제약(주),00126414,001360,정성택 대표이사,212
(주)녹십자,00129679,006280,허은철,212
(주)팜젠사이언스,00135050,004720,김혜연 박희덕(각자),212
신풍제약(주),00137359,019170,유 제 만,212
영진약품(주),00141149,003520,이기수,212
(주)유유제약,00144818,000220,"유원상, 박노용(각자대표)",212
일동홀딩스(주),00146083,000230,박대창,212
JW중외제약(주),00149947,001060,대표이사 신영섭,212
한국유나이티드제약(주),00158963,033270,강덕영,212
(주)한독,00161046,002390,"김영진, 백진기",212
(주)대양금속,00111111,009190,정지수,24122
(주)넥센,00167192,005720,"강병중, 강호찬, 문성희",221
넥센타이어(주),00173874,002350,대표이사 회  장 강병중 대표이사 부회장 강호찬 대표이사 사  장 김현석,221
(주)동아지질,00178754,028100,"최정욱, 정경수",421
(주)한국토지신탁,00233653,034830,"최윤성, 김성진",642
코오롱이앤피(주),00241005,138490,김영범,20202
에이치디씨현대이피(주),00357935,089470,정 원 섭,204
AJ네트웍스 주식회사,00365387,095570,곽정호,76320
(주)엘엑스하우시스,00759513,108670,"노진서, 한주우",2222
코오롱인더스트리(주),00795135,120110,"허성, 유석진",205
에스디바이오센서(주),00854997,137310,이효근,27112
한솔테크닉스(주),00157399,004710,유경준,26299
한올바이오파마(주),00162586,009420,"정승원,박수진(공동대표이사)",212
현대약품(주),00164706,004310,이상준,212
환인제약(주),00166573,016580,"이광식, 이원범(각자 대표이사)",212
한미약품(주),00828497,128940,박재현,212
세원이앤씨(주),00585219,091090,김종성,251
한국타이어앤테크놀로지(주),00937324,161390,"안종선, 이상훈(공동대표이사)",221
현대코퍼레이션홀딩스(주),01108099,227840,"정몽혁, 김원갑, 권철호",463
에이치디씨현대산업개발(주),01310269,294870,"정경구, 조태제(각자 대표이사)",411
코오롱모빌리티그룹(주),01712485,450140,"강이구, 최현석",45110
대원강업(주),00111847,000430,"박민희, 김항수",303
에쓰씨엔지니어링(주),00121969,023960,김기웅,412
(주)종근당,00992871,185750,김영주,212
일동제약(주),01168383,249420,윤웅섭,212
(주)제주은행,00148832,006220,이희수,64121
아이에스동서(주),00115977,010780,"남병옥, 허필식, 배기문",2332
(주)TCC스틸,00117300,002710,"손봉락, 손기영, 김영학 (각자대표)",24191
(주)키다리스튜디오,00140131,020120,"허흥범, 박건원 (각자대표)",631
코스맥스비티아이(주),00219574,044820,"허민호, 이병주",64992
(주)씨티알모빌리티,00450010,308170,양현철,303
(주)케이이씨,00589127,092220,배석홍,2612
코스맥스(주),01009789,192820,"최경, 이병만",20423
두산퓨얼셀 주식회사,01412725,336260,"이두순, 윤재동 (각자 대표이사)",28111
한화갤러리아(주),01722437,452260,김영훈,47111
애경케미칼(주),00936787,161000,표경원,201
솔루스첨단소재 주식회사,01412822,336370,곽근만,26299
깨끗한나라(주),00113492,004540,"최현수, 이동열",171
(주)태경비케이,00122481,014580,"김민정, 정구일, 박충기 (각자 대표이사)",23312
일양약품(주),00146454,007570,"김동연, 정유석",212
한신기계공업(주),00162072,011700,최영민,29132
(주)셀트리온,00413046,068270,"기우성, 김형기, 서진석",211
(주)세우글로벌,00134176,013000,안백순,467
(주)삼양홀딩스,00126937,000070,"엄태웅, 김경진",64992
(주)서원,00131197,021050,"조시영, 조경호, 박주황",243
(주)영풍,00141307,000670,김기호,24213
한국석유공업(주),00157991,004090,"강승모,송상호(각자 대표이사)",23999
(주)한진중공업홀딩스,00163673,003480,조원국,352
(주)파라다이스,00171265,034230,최종환,91249
에이치에스화성(주),00174527,002460,"이종원,임기영",41112
(주)콘텐트리중앙,00203315,036420,"이중원, 홍정인(각자대표)",591
삼아알미늄(주),00126779,006110,"한남희, 김진범",24222
아남전자(주),00138516,008700,"공동대표이사 : 유성준, 박준구",265
KPX케미칼(주),00191472,025000,"양준영, 박승구, 이찬수(각자대표이사)",20119
삼성증권(주),00104856,016360,박종문,66121
엘지이노텍(주),00105961,011070,문혁수,262
삼성생명보험(주),00126256,032830,홍원학,65110
삼성중공업(주),00126478,010140,최성안,3111
(주)신세계,00136378,004170,박주형,47111
현대차증권(주),00137997,001500,배형근,66121
(주)에스원,00158501,012750,"남궁범, 하나오카 타쿠로",75320
화천기공(주),00166519,000850,"권형석, 권형도(공동대표이사)",29223
일진다이아몬드(주),00508274,081000,이무영,204
키움증권(주),00296290,039490,엄주성,66121
주식회사 신한서부티엔디위탁관리부동산투자회사,01436558,404990,승만호,68112
고려제강(주),00103006,002240,주종대,2411
흥국화재해상보험(주),00103176,000540,송윤상,65121
(주)대현,00113614,016090,신윤황,14112
(주)엘엑스세미콘,00525934,108320,이윤태,2612
자화전자(주),00146861,033240,"김상면, 김찬용(각자대표)",26292
(주)코아스,00210856,071950,"민경중, 노병구(각자 대표이사)",320
텔코웨어(주),00361488,078000,"금한태, 배성 (각자 대표이사)",631
(주)케이티씨에스,00372882,058850,지정용,63991
(주)웅진씽크빅,00628189,095720,윤승현,85120
엘브이엠씨홀딩스(주),00838500,900140,"이창엽, 변성현 (각자 대표이사)",451
(주)시디즈,00852087,134790,"김태은, 우인환 (각자대표)",32029
(주)씨케이솔루션,01210677,480370,"김유곤, 안근표 (공동 대표이사)",721
(주)티와이홀딩스,01497869,363280,오동헌,64992
광동제약(주),00103592,009290,최성원,21220
(주)효성,00117188,004800,"조현준, 황윤언",649
유안타증권(주),00117601,003470,뤄즈펑,66121
동원수산(주),00118044,030720,"WANG KI YONG JR, 왕인상",03111
선도전기(주),00131939,007610,권  혁,28123
(주)일신석재,00146296,007110,공동대표이사 조용철  공동대표이사 이용재,466
한국주철관공업(주),00159573,000970,"김태형, 이창훈, 김영훈 (각자대표제)",24131
한신공영(주),00162063,004960,"최문규,전재식(각자 대표이사)",41112
상신브레이크(주),00129642,041650,박세종,303
(주)신풍,00137368,002870,정학헌,467
롯데쇼핑(주),00120526,023530,"신동빈, 김상현(김 사무엘 상현), 정준호, 강성현",47111
현대비앤지스틸(주),00125743,004560,"대표이사 사장 정일선, 대표이사 전무 김성문(각자 대표이사)",24122
서울도시가스(주),00130684,017390,공동대표이사 진용민 공동대표이사 황주석,35200
(주)포스코디엑스,00155212,022100,심민석,72129
에이치디한국조선해양(주),00164830,009540,"정기선, 김성준 (각자 대표이사)",64992
새론오토모티브(주),00305668,075180,"박도순, 쿠마카와 테츠야",303
아시아나아이디티(주),00458234,267850,김응철,62021
(주)비상교육,00520887,100220,양태회,5811
(주)에이치제이중공업,00633835,097230,"김완석, 유상철",41221
(주)비지에프리테일,01263022,282330,민승배,47122
(주)비지에프,00219097,027410,홍정국,64992
동화약품(주),00119195,000020,"유준하, 윤인호(각자 대표이사)",212
주식회사 솔루엠,01159233,248070,전성호,2629
현대위아(주),00106623,011210,권오성,303
(주)엔케이,00172228,085310,박제완,2512
삼부토건(주),00125974,001470,오일록,41221
(주)사조오양,00141875,006090,박정훈,102
주식회사 대신밸류리츠위탁관리부동산투자회사,01885222,0030R0,김광진,642
한화비전(주),01867758,489790,김기철,264
에이치엘비글로벌(주),00169048,003580,김광재,471
대한조선 주식회사,00182696,439260,"왕삼동, 이석문",3111
대한화섬(주),00113544,003830,김대정,20501
사조산업(주),00124799,007160,"주진우, 김치곤(각자대표)",102
(주)디에이치오토넥스,00126089,000300,최준용,303
태광산업(주),00153393,003240,유태호,20501
(주)세아제강,01325979,306200,"이휘령, 홍만기",2413
산일전기(주),00366438,062040,"박동석, 한익희 (공동대표)",28112
(주)잇츠한불,00911955,226320,임진성,20423
(주)지에스글로벌,00138190,001250,이영환,468
(주)제일기획,00148276,030000,김종현,71310
(주)인디에프,00106881,014990,김한수,14112
한화솔루션(주),00162461,009830,"박승덕, 남정운, 김동관",20111
(주)달바글로벌,01649204,483650,반성연,20423
(주)대호에이엘,00428729,069460,김영대,24222
(주)대덕,00109189,008060,김영재,64992
(주)카프로,00159810,006380,박성명,20119
(주)아이마켓코리아,00360142,122900,김학재,46800
DB증권(주),00115694,016610,곽봉석,66121
케이지모빌리티(주),00138242,003620,"곽재선, 황기영 (각자대표이사)",301
엘지디스플레이(주),00105873,034220,정철동,2621
동양생명보험(주),00117267,082640,성대규,65110
한국항공우주산업(주),00309503,047810,차재병,31311
(주)수산세보틱스,00135111,017550,"양희준, 김병현 (각자대표) ",29241
SK이노베이션(주),00631518,096770,추형욱,192
(주)스타에스엠자기관리부동산투자회사,01035289,204210,박문성,681
핸즈코퍼레이션(주),00119140,143210,"승현창, 박세진(각자대표)",303
(주)토니모리,00816544,214420,김승철,20423
DSR제강(주),00151298,069730,"홍하종, 홍석빈 (각자 대표이사)",24123
(주)케이씨텍,01261893,281820,"양호근, 최동규 (각자 대표이사)",272
(주)오리엔트바이오,00141626,002630,장재진,212
(주)모나리자,00173102,012690,이석주,17902
에스케이아이이테크놀로지 주식회사,01386916,361610,이상민,282
(주)티웨이홀딩스,00109514,004870,서종대,23325
(주)빙그레,00124726,005180,김광수,104
신영증권(주),00136721,001720,"황성엽, 금정호",66121
(주)미스토홀딩스,00195229,081660,윤근창,464
(주)동성케미컬,00679314,102260,"이만우, 백진우 (각자 대표이사)",20202
일성아이에스(주),00146214,003120,"윤석근, 엄대식, 윤종호(각자대표)",212
OCI(주),01760738,456040,"김유신, 김원현(2인, 각자 대표이사)",20129
한세실업(주),00728638,105630,"김익환, 김경",14199
한양증권(주),00162416,001750,김병철,66121
대동전자(주),00157104,008110,이관우,264
주식회사 더본코리아,00968607,475560,백종원,468
(주)티웨이항공,00671376,091810,이상윤,511
(주)인스코비,00122825,006490,유인수,612
(주)케이씨씨글라스,01428203,344820,"정몽익, 변종오(각자대표이사)",2311
한화생명보험(주),00113058,088350,"권혁웅, 이경근",65110
한화시스템(주),00339391,272210,손재일,26299
엔에이치엔(주),00983271,181710,정우진,5821
CJ(주),00148540,001040,"손경식, 김홍기",64992
(주)에이프로젠바이오로직스,00101044,003060,"김재섭, 김정출",212
삼양통상(주),00127042,002170,"허준홍, 정대락 (2인 각자 대표이사)",15110
(주)아이티센씨티에스,00186559,031820,권창완,6201
화승인더스트리(주),00166227,006060,대표이사 현석호,46800
(주)광명전기,00103662,017040,이재광,28123
디와이피(주),00117726,092780,홍순겸,301
(주)아모레퍼시픽홀딩스,00154462,002790,"서경배, 이상목",20423
일정실업(주),00146542,008500,"고동수, 김철환",133
지에스건설(주),00120030,006360,"허창수, 허윤홍(각자 대표이사)",4111
디케이엠이(주),00108746,015590,백승륜,29176
롯데이노베이트(주),01262032,286940,김경엽,62021
디와이덕양(주),00114154,024900,"윤성희, 배운교, 문경호",303
(주)엘지에너지솔루션,01515323,373220,김동명,28202
고려아연(주),00102858,010130,"박기덕, 정태웅",24213
진원생명과학(주),00118521,011000,"고광연,한우근",212
제이준코스메틱(주),00136776,025620,전경재,204
(주)한국종합기술,00159500,023350,김한영,72121
